<?xml version="1.0"?>
<doc>
    <assembly>
        <name>Sitecore.Plugin.IdentityServer</name>
    </assembly>
    <members>
        <member name="T:Sitecore.Plugin.IdentityServer.Configuration.ApiResourceConfig">
            <summary>
            Represents Api Resource Structure 
            </summary>
        </member>
        <member name="P:Sitecore.Plugin.IdentityServer.Configuration.ApiResourceConfig.Name">
            <summary>
            Gets or sets the name.
            </summary>
            <value>
            The name.
            </value>
        </member>
        <member name="P:Sitecore.Plugin.IdentityServer.Configuration.ApiResourceConfig.DisplayName">
            <summary>
            Gets or sets the display name.
            </summary>
            <value>
            The display name.
            </value>
        </member>
        <member name="P:Sitecore.Plugin.IdentityServer.Configuration.ApiResourceConfig.ApiSecrets">
            <summary>
            Gets or sets the API secrets.
            </summary>
            <value>
            The API secrets.
            </value>
        </member>
        <member name="P:Sitecore.Plugin.IdentityServer.Configuration.ApiResourceConfig.UserClaims">
            <summary>
            Gets or sets the user claims.
            </summary>
            <value>
            The user claims.
            </value>
        </member>
        <member name="T:Sitecore.Plugin.IdentityServer.Configuration.AppSettings">
            <summary>
            Represents Settings frm appSettings.json
            </summary>
        </member>
        <member name="P:Sitecore.Plugin.IdentityServer.Configuration.AppSettings.SitecoreMembershipOptions">
            <summary>
            Gets or sets the sitecore membership options.
            </summary>
            <value>
            The sitecore membership options.
            </value>
        </member>
        <member name="P:Sitecore.Plugin.IdentityServer.Configuration.AppSettings.Clients">
            <summary>
            Gets or sets the clients.
            </summary>
            <value>
            The clients.
            </value>
        </member>
        <member name="P:Sitecore.Plugin.IdentityServer.Configuration.AppSettings.IdentityResources">
            <summary>
            Gets or sets the identity resources.
            </summary>
            <value>
            The identity resources.
            </value>
        </member>
        <member name="P:Sitecore.Plugin.IdentityServer.Configuration.AppSettings.ApiResources">
            <summary>
            Gets or sets the API resources.
            </summary>
            <value>
            The API resources.
            </value>
        </member>
        <member name="P:Sitecore.Plugin.IdentityServer.Configuration.AppSettings.CertificateThumbprint">
            <summary>
            Gets or sets certificate thumbprint.
            </summary>
            <value>
            The certificate thumbprint.
            </value>
        </member>
        <member name="P:Sitecore.Plugin.IdentityServer.Configuration.AppSettings.CertificateStoreLocation">
            <summary>
            Gets or sets the certificate store location.
            </summary>
            <value>
            The certificate store location.
            </value>
        </member>
        <member name="P:Sitecore.Plugin.IdentityServer.Configuration.AppSettings.CertificateStoreName">
            <summary>
            Gets or sets the name of the certificate store.
            </summary>
            <value>
            The name of the certificate store.
            </value>
        </member>
        <member name="P:Sitecore.Plugin.IdentityServer.Configuration.AuthenticationOptionsConfig.CookieLifetime">
            <summary>
            Sets the cookie lifetime (only effective if the IdentityServer-provided cookie handler is used)
            </summary>
        </member>
        <member name="P:Sitecore.Plugin.IdentityServer.Configuration.AuthenticationOptionsConfig.CookieSlidingExpiration">
            <summary>
            Specified if the cookie should be sliding or not (only effective if the built-in cookie middleware is used)
            </summary>
        </member>
        <member name="P:Sitecore.Plugin.IdentityServer.Configuration.AuthenticationOptionsConfig.RequireCspFrameSrcForSignout">
            <summary>
            If set, will require frame-src CSP headers being emitting on the end session callback endpoint which renders iframes to clients for front-channel signout notification.
            </summary>
        </member>
        <member name="M:Sitecore.Plugin.IdentityServer.Configuration.CertificateResolver.GetCertificate(System.String,System.String,System.String)">
            <summary>
            Gets the certificate
            </summary>
            <param name="storeName">the store name.</param>
            <param name="storeLocation">the store location.</param>
            <param name="thumbprint">the thumbprint</param>
            <returns>A <see cref="T:System.Security.Cryptography.X509Certificates.X509Certificate2"/></returns>
        </member>
        <member name="M:Sitecore.Plugin.IdentityServer.Configuration.CertificateResolver.GetCertStoreLocation(System.String)">
            <summary>
            Gets the certificate location
            </summary>
            <param name="location">the location</param>
            <returns>A <see cref="T:System.Security.Cryptography.X509Certificates.StoreLocation"/></returns>
        </member>
        <member name="M:Sitecore.Plugin.IdentityServer.Configuration.CertificateResolver.GetCertStoreName(System.String)">
            <summary>
            Gets the store name
            </summary>
            <param name="name">the name</param>
            <returns>A <see cref="T:System.Security.Cryptography.X509Certificates.StoreName"/></returns>
        </member>
        <member name="T:Sitecore.Plugin.IdentityServer.Configuration.ClientConfig">
            <summary>
            Represents ClientConfig Structure
            </summary>
        </member>
        <member name="P:Sitecore.Plugin.IdentityServer.Configuration.ClientConfig.ClientId">
            <summary>
            Gets or sets the client identifier.
            </summary>
            <value>
            The client identifier.
            </value>
        </member>
        <member name="P:Sitecore.Plugin.IdentityServer.Configuration.ClientConfig.ClientName">
            <summary>
            Gets or sets the name of the client.
            </summary>
            <value>
            The name of the client.
            </value>
        </member>
        <member name="P:Sitecore.Plugin.IdentityServer.Configuration.ClientConfig.AllowAccessTokensViaBrowser">
            <summary>
            Gets or sets a value indicating whether [allow access tokens via browser].
            </summary>
            <value>
              <c>true</c> if [allow access tokens via browser]; otherwise, <c>false</c>.
            </value>
        </member>
        <member name="P:Sitecore.Plugin.IdentityServer.Configuration.ClientConfig.RequireConsent">
            <summary>
            Gets or sets a value indicating whether [require consent].
            </summary>
            <value>
              <c>true</c> if [require consent]; otherwise, <c>false</c>.
            </value>
        </member>
        <member name="P:Sitecore.Plugin.IdentityServer.Configuration.ClientConfig.RequireClientSecret">
            <summary>
            Gets or sets a value indicating whether [require client secret].
            </summary>
            <value>
              <c>true</c> if [require client secret]; otherwise, <c>false</c>.
            </value>
        </member>
        <member name="P:Sitecore.Plugin.IdentityServer.Configuration.ClientConfig.AccessTokenLifetimeInSeconds">
            <summary>
            Gets or sets the access token lifetime in seconds.
            </summary>
            <value>
            The access token lifetime in seconds.
            </value>
        </member>
        <member name="P:Sitecore.Plugin.IdentityServer.Configuration.ClientConfig.IdentityTokenLifetimeInSeconds">
            <summary>
            Gets or sets the identity token lifetime in seconds.
            </summary>
            <value>
            The identity token lifetime in seconds.
            </value>
        </member>
        <member name="P:Sitecore.Plugin.IdentityServer.Configuration.ClientConfig.AccessTokenType">
            <summary>
            Gets or sets the type of the access token.
            </summary>
            <value>
            The type of the access token.
            </value>
        </member>
        <member name="P:Sitecore.Plugin.IdentityServer.Configuration.ClientConfig.AllowedGrantTypes">
            <summary>
            Gets or sets the allowed grant types.
            </summary>
            <value>
            The allowed grant types.
            </value>
        </member>
        <member name="P:Sitecore.Plugin.IdentityServer.Configuration.ClientConfig.RedirectUris">
            <summary>
            Gets or sets the redirect uris.
            </summary>
            <value>
            The redirect uris.
            </value>
        </member>
        <member name="P:Sitecore.Plugin.IdentityServer.Configuration.ClientConfig.PostLogoutRedirectUris">
            <summary>
            Gets or sets the post logout redirect uris.
            </summary>
            <value>
            The post logout redirect uris.
            </value>
        </member>
        <member name="P:Sitecore.Plugin.IdentityServer.Configuration.ClientConfig.AllowedCorsOrigins">
            <summary>
            Gets or sets the allowed cors origins.
            </summary>
            <value>
            The allowed cors origins.
            </value>
        </member>
        <member name="P:Sitecore.Plugin.IdentityServer.Configuration.ClientConfig.AllowedScopes">
            <summary>
            Gets or sets the allowed scopes.
            </summary>
            <value>
            The allowed scopes.
            </value>
        </member>
        <member name="P:Sitecore.Plugin.IdentityServer.Configuration.ClientConfig.AllowOfflineAccess">
            <summary>
            Gets or sets a value indicating whether [allow offline access]. Defaults to <c>false</c>.
            </summary>
            <value>
              <c>true</c> if [allow offline access]; otherwise, <c>false</c>.
            </value>
        </member>
        <member name="P:Sitecore.Plugin.IdentityServer.Configuration.ClientConfig.AlwaysIncludeUserClaimsInIdToken">
            <summary>
            Gets or sets a value indicating whether [allow offline access]. Defaults to <c>false</c>.
            </summary>
            <value>
              <c>true</c> if [allow offline access]; otherwise, <c>false</c>.
            </value>
        </member>
        <member name="P:Sitecore.Plugin.IdentityServer.Configuration.ClientConfig.UpdateAccessTokenClaimsOnRefresh">
            <summary>
            Gets or sets a value indicating whether the access token (and its claims) should be updated on a refresh token request.
            Defaults to <c>false</c>.
            </summary>
            <value>
            <c>true</c> if the token should be updated; otherwise, <c>false</c>.
            </value>
        </member>
        <member name="T:Sitecore.Plugin.IdentityServer.Configuration.Clients">
            <summary>
            Clients Config for Authentication/Authorization
            </summary>
        </member>
        <member name="M:Sitecore.Plugin.IdentityServer.Configuration.Clients.Get(Sitecore.Plugin.IdentityServer.Configuration.AppSettings)">
            <summary>
            Gets the specified application settings.
            </summary>
            <param name="appSettings">The application settings.</param>
            <returns>A collection of <see cref="T:IdentityServer4.Models.Client"/></returns>
        </member>
        <member name="T:Sitecore.Plugin.IdentityServer.Configuration.IdentityResourceConfig">
            <summary>
            Represents Identity Resource Structure
            </summary>
        </member>
        <member name="P:Sitecore.Plugin.IdentityServer.Configuration.IdentityResourceConfig.Name">
            <summary>
            Gets or sets the name.
            </summary>
            <value>
            The name.
            </value>
        </member>
        <member name="P:Sitecore.Plugin.IdentityServer.Configuration.IdentityResourceConfig.UserClaims">
            <summary>
            Gets or sets the user claims.
            </summary>
            <value>
            The user claims.
            </value>
        </member>
        <member name="T:Sitecore.Plugin.IdentityServer.Configuration.Resources">
            <summary>
            Resources Config for Authentication/Authorization
            </summary>
        </member>
        <member name="M:Sitecore.Plugin.IdentityServer.Configuration.Resources.GetIdentityResources(Sitecore.Plugin.IdentityServer.Configuration.AppSettings)">
            <summary>
            Gets the identity resources.
            </summary>
            <param name="appSettings">The application settings.</param>
            <returns>A collection of <see cref="T:IdentityServer4.Models.IdentityResource"/></returns>
        </member>
        <member name="M:Sitecore.Plugin.IdentityServer.Configuration.Resources.GetApiResources(Sitecore.Plugin.IdentityServer.Configuration.AppSettings)">
            <summary>
            Gets the API resources.
            </summary>
            <param name="appSettings">The application settings.</param>
            <returns>A collection of <see cref="T:IdentityServer4.Models.ApiResource"/></returns>
        </member>
        <member name="T:Sitecore.Plugin.IdentityServer.Configuration.SitecoreMembershipOptions">
            <summary>
            Represents Sitecore membership options structure
            </summary>
        </member>
        <member name="P:Sitecore.Plugin.IdentityServer.Configuration.SitecoreMembershipOptions.ConnectionString">
            <summary>
            Gets or sets the connection string.
            </summary>
            <value>
            The connection string.
            </value>
        </member>
        <member name="P:Sitecore.Plugin.IdentityServer.Configuration.SitecoreMembershipOptions.ApplicationName">
            <summary>
            Gets or sets the name of the application.
            </summary>
            <value>
            The name of the application.
            </value>
        </member>
        <member name="P:Sitecore.Plugin.IdentityServer.Configuration.SitecoreMembershipOptions.UseRoleProviderSource">
            <summary>
            Gets or sets a value indicating whether [use role provider source].
            </summary>
            <value>
              <c>true</c> if [use role provider source]; otherwise, <c>false</c>.
            </value>
        </member>
        <member name="P:Sitecore.Plugin.IdentityServer.Configuration.SitecoreMembershipOptions.MaxInvalidPasswordAttempts">
            <summary>
            Gets or sets the maximum invalid password attempts.
            </summary>
            <value>
            The maximum invalid password attempts.
            </value>
        </member>
        <member name="P:Sitecore.Plugin.IdentityServer.Configuration.SitecoreMembershipOptions.PasswordAttemptWindow">
            <summary>
            Gets or sets the password attempt window.
            </summary>
            <value>
            The password attempt window.
            </value>
        </member>
        <member name="P:Sitecore.Plugin.IdentityServer.Configuration.SitecoreMembershipOptions.PasswordHashAlgorithm">
            <summary>
            Gets or sets algorithm name used to hash passwords.
            </summary>
        </member>
        <member name="T:Sitecore.Plugin.IdentityServer.Controllers.AccountController">
            <summary>
            This sample controller implements a typical login/logout/provision workflow for local and external accounts.
            The login service encapsulates the interactions with the user data store. This data store is in-memory only and cannot be used for production!
            The interaction service provides a way for the UI to communicate with identityserver for validation and context retrieval
            </summary>
        </member>
        <member name="M:Sitecore.Plugin.IdentityServer.Controllers.AccountController.Login(System.String)">
            <summary>
            Show login page
            </summary>
        </member>
        <member name="M:Sitecore.Plugin.IdentityServer.Controllers.AccountController.Login(Sitecore.Plugin.IdentityServer.Models.Account.LoginInputModel,System.String)">
            <summary>
            Handle postback from username/password login
            </summary>
        </member>
        <member name="M:Sitecore.Plugin.IdentityServer.Controllers.AccountController.ExternalLogin(System.String,System.String)">
            <summary>
            initiate roundtrip to external authentication provider
            </summary>
        </member>
        <member name="M:Sitecore.Plugin.IdentityServer.Controllers.AccountController.ExternalLoginCallback">
            <summary>
            Post processing of external authentication
            </summary>
        </member>
        <member name="M:Sitecore.Plugin.IdentityServer.Controllers.AccountController.Logout(System.String)">
            <summary>
            Show logout page
            </summary>
        </member>
        <member name="M:Sitecore.Plugin.IdentityServer.Controllers.AccountController.Logout(Sitecore.Plugin.IdentityServer.Models.Account.LogoutInputModel)">
            <summary>
            Handle logout page postback
            </summary>
        </member>
        <member name="T:Sitecore.Plugin.IdentityServer.Controllers.ConsentController">
            <summary>
            This controller processes the consent UI
            </summary>
        </member>
        <member name="M:Sitecore.Plugin.IdentityServer.Controllers.ConsentController.Index(System.String)">
            <summary>
            Shows the consent screen
            </summary>
            <param name="returnUrl"></param>
            <returns></returns>
        </member>
        <member name="M:Sitecore.Plugin.IdentityServer.Controllers.ConsentController.Index(Sitecore.Plugin.IdentityServer.Models.Consent.ConsentInputModel)">
            <summary>
            Handles the consent screen postback
            </summary>
        </member>
        <member name="T:Sitecore.Plugin.IdentityServer.Controllers.GrantsController">
            <summary>
            This sample controller allows a user to revoke grants given to clients
            </summary>
        </member>
        <member name="M:Sitecore.Plugin.IdentityServer.Controllers.GrantsController.Index">
            <summary>
            Show list of grants
            </summary>
        </member>
        <member name="M:Sitecore.Plugin.IdentityServer.Controllers.GrantsController.Revoke(System.String)">
            <summary>
            Handle postback to revoke a client
            </summary>
        </member>
        <member name="M:Sitecore.Plugin.IdentityServer.Controllers.HomeController.Error(System.String)">
            <summary>
            Shows the error page
            </summary>
        </member>
        <member name="M:Sitecore.Plugin.IdentityServer.Membership.ConfigurableMembershipPasswordHasher.EncryptPassword(System.String,System.Int32,System.String)">
            <summary>Encrypts a password using the given format and salt</summary>
            <param name="password">The password to encrypt / hash</param>
            <param name="passwordFormat">The format to use 0 = clear, 1 = encrypt</param>
            <param name="salt">The salt to apply to the password</param>
            <returns>The encrypted / hashed password</returns>
            <remarks>Taken from the original Membership code</remarks>
        </member>
        <member name="M:Sitecore.Plugin.IdentityServer.Membership.RoleRepository.GetRoles(System.String)">
            <inheritdoc />
        </member>
        <member name="P:Sitecore.Plugin.IdentityServer.Models.Account.AccountOptions.DefaultAccountPrefix">
            <summary>
            Gets or sets the default account prefix.
            Example: "sitecore\"
            </summary>
            <value>
            The default account prefix.
            </value>
        </member>
        <member name="M:Sitecore.Plugin.IdentityServer.Services.DefaultProfileService.IsActiveMembershipAsync(IdentityServer4.Models.IsActiveContext)">
            <summary>
            Determines whether <see cref="P:IdentityServer4.Models.IsActiveContext.Subject"/> is active or not.
            This method is just like <see cref="M:IdentityServer4.Contrib.Membership.MembershipProfileService.IsActiveAsync(IdentityServer4.Models.IsActiveContext)"/>,
            but it also takes into account <see cref="P:IdentityServer4.Contrib.Membership.MembershipUser.IsApproved"/> value. 
            </summary>
            <remarks>
            This method can be removed and replaced with <see cref="M:IdentityServer4.Contrib.Membership.MembershipProfileService.IsActiveAsync(IdentityServer4.Models.IsActiveContext)"/>
            if this PR https://github.com/sma73648/identityserver-contrib-membership/pull/4 is approved and new version is released
            </remarks>
            <param name="context">The context.</param>
            <returns></returns>
        </member>
        <member name="M:Sitecore.Plugin.IdentityServer.Services.InMemoryProfileService.GetProfileDataAsync(IdentityServer4.Models.ProfileDataRequestContext)">
            <inheritdoc cref="M:IdentityServer4.Test.TestUserProfileService.GetProfileDataAsync(IdentityServer4.Models.ProfileDataRequestContext)" />
        </member>
        <member name="T:Sitecore.Plugin.IdentityServer.Validators.SitecoreResourceOwnerValidator">
            <summary>
            Implement IResourceOwnerPasswordValidator to provide the way to validate access in Silent mode (Without using UI)
            </summary>
        </member>
        <member name="M:Sitecore.Plugin.IdentityServer.Validators.SitecoreResourceOwnerValidator.#ctor(IdentityServer4.Contrib.Membership.Interfaces.IMembershipService)">
            <summary>
            
            </summary>
            <param name="membershipService"></param>
        </member>
        <member name="M:Sitecore.Plugin.IdentityServer.Validators.SitecoreResourceOwnerValidator.ValidateAsync(IdentityServer4.Validation.ResourceOwnerPasswordValidationContext)">
            <summary>
            Validate user credentials
            </summary>
            <param name="context"></param>
            <returns></returns>
        </member>
        <member name="T:Sitecore.Plugin.IdentityServer.Validators.WildcardRedirectUriValidator">
            <summary>
            Overrides identity server's default uri validator to support subPaths
            </summary>
        </member>
        <member name="M:Sitecore.Plugin.IdentityServer.Validators.WildcardRedirectUriValidator.IsRedirectUriValidAsync(System.String,IdentityServer4.Models.Client)">
            <summary>
            
            </summary>
            <param name="requestedUri"></param>
            <param name="client"></param>
            <returns></returns>
        </member>
        <member name="M:Sitecore.Plugin.IdentityServer.Validators.WildcardRedirectUriValidator.IsPostLogoutRedirectUriValidAsync(System.String,IdentityServer4.Models.Client)">
            <summary>
            
            </summary>
            <param name="requestedUri"></param>
            <param name="client"></param>
            <returns></returns>
        </member>
    </members>
</doc>
